Workbook

Sheet Table1
A1: Order_ID | B1: Customer_ID | C1: Product_Code | D1: Units_Sold
A2: TXN-101 | B2: C-901 | C2: PROD-9921-X | D2: 5
A3: TXN-102 | B3: C-904 | C3: PROD-4012-M | D3: 12
A4: TXN-103 | B4: C-902 | C4: PROD-9921-X | D4: 2
A5: TXN-104 | B5: C-901 | C5: PROD-8815-S | D5: 8
A6: TXN-105 | B6: C-903 | C6: PROD-4012-M | D6: 1
A7: TXN-106 | B7: C-902 | C7: PROD-8815-S | D7: 15
A8: TXN-107 | B8: C-905 | C8: PROD-9921-X | D8: 4

Sheet Raw_Orders (2)
A1: Order_ID | B1: Customer_ID | C1: Product_Code | D1: Units_Sold
A2: TXN-101 | B2: C-901 | C2: PROD-9921-X | D2: 5
A3: TXN-102 | B3: C-904 | C3: PROD-4012-M | D3: 12
A4: TXN-103 | B4: C-902 | C4: PROD-9921-X | D4: 2
A5: TXN-104 | B5: C-901 | C5: PROD-8815-S | D5: 8
A6: TXN-105 | B6: C-903 | C6: PROD-4012-M | D6: 1
A7: TXN-106 | B7: C-902 | C7: PROD-8815-S | D7: 15
A8: TXN-107 | B8: C-905 | C8: PROD-9921-X | D8: 4

Sheet Raw_Orders
A1: Order_ID | B1: Customer_ID | C1: Product_Code | D1: Units_Sold
A2: TXN-101 | B2: C-901 | C2: PROD-9921-X | D2: 5
A3: TXN-102 | B3: C-904 | C3: PROD-4012-M | D3: 12
A4: TXN-103 | B4: C-902 | C4: PROD-9921-X | D4: 2
A5: TXN-104 | B5: C-901 | C5: PROD-8815-S | D5: 8
A6: TXN-105 | B6: C-903 | C6: PROD-4012-M | D6: 1
A7: TXN-106 | B7: C-902 | C7: PROD-8815-S | D7: 15
A8: TXN-107 | B8: C-905 | C8: PROD-9921-X | D8: 4

Sheet Table2
A1: Column1 | B1: Column2 | C1: Column3
A2: Customer_ID | B2: Customer_Name | C2: Region
A3: C-901 | B3: ACME RETAIL | C3: NORTH
A4: C-902 | B4: NEXUS LOGISTICS | C4: WEST
A5: C-903 | B5: APEX SYSTEMS | C5: EAST
A6: C-904 | B6: BEACON TECH | C6: SOUTH
A7: C-905 | B7: HORIZON GROUP | C7: WEST

Sheet duplicate
A1: Column1 | B1: Column2 | C1: Column3
A2: Customer_ID | B2: Customer_Name | C2: Region
A3: C-901 | B3: ACME RETAIL | C3: NORTH
A4: C-902 | B4: NEXUS LOGISTICS | C4: WEST
A5: C-903 | B5: APEX SYSTEMS | C5: EAST
A6: C-904 | B6: BEACON TECH | C6: SOUTH
A7: C-905 | B7: HORIZON GROUP | C7: WEST

Sheet Master_Customers (2)
A1: Customer_ID | B1: Customer_Name | C1: Region
A2: C-901 | B2: ACME RETAIL | C2: NORTH
A3: C-902 | B3: NEXUS LOGISTICS | C3: WEST
A4: C-903 | B4: APEX SYSTEMS | C4: EAST
A5: C-904 | B5: BEACON TECH | C5: SOUTH
A6: C-905 | B6: HORIZON GROUP | C6: WEST

Sheet Master_Customers
A2: Customer_ID | B2: Customer_Name | C2: Region
A3: C-901 | B3: ACME RETAIL | C3: NORTH
A4: C-902 | B4: NEXUS LOGISTICS | C4: WEST
A5: C-903 | B5: APEX SYSTEMS | C5: EAST
A6: C-904 | B6: BEACON TECH | C6: SOUTH
A7: C-905 | B7: HORIZON GROUP | C7: WEST

Sheet Table3
A1: Base_Price | B1: Product_Code
A2: 150 | B2: PROD-9921-X
A3: 45 | B3: PROD-4012-M
A4: 85 | B4: PROD-8815-S

Sheet Pivot_Analysis
A3: Sum of Units_Sold | B3: Column Labels
A4: Row Labels | B4: EAST | C4: NORTH | D4: SOUTH | E4: WEST | F4: Grand Total
A5: ACME RETAIL | C5: 13 | F5: 13
A6: APEX SYSTEMS | B6: 1 | F6: 1
A7: BEACON TECH | D7: 12 | F7: 12
A8: HORIZON GROUP | E8: 4 | F8: 4
A9: NEXUS LOGISTICS | E9: 17 | F9: 17
A10: Grand Total | B10: 1 | C10: 13 | D10: 12 | E10: 21 | F10: 47

Sheet Sheet3

Sheet Executive_Dashboard
B2: TOTAL REVENUE | D2: TOTAL UNITS SOLD | F2: TOTAL ORDER COUNT
B3: =SUM(Clean_Data_Warehouse!I2:I8) -> 4190 | D3: =SUM(Clean_Data_Warehouse!D2:D8) -> 47 | F3: =COUNTA(Clean_Data_Warehouse!A2:A8) -> 7
A6: Region | B6: Revenue
A7: north | B7: =SUMIF(Clean_Data_Warehouse!F:F,A7,Clean_Data_Warehouse!I:I) -> 1430
A8: south | B8: =SUMIF(Clean_Data_Warehouse!F:F,A8,Clean_Data_Warehouse!I:I) -> 540
A9: east | B9: =SUMIF(Clean_Data_Warehouse!F:F,A9,Clean_Data_Warehouse!I:I) -> 45
A10: west | B10: =SUMIF(Clean_Data_Warehouse!F:F,A10,Clean_Data_Warehouse!I:I) -> 2175

Sheet Clean_Data_Warehouse
A1: Order_ID | B1: Customer_ID | C1: Product_Code | D1: Units_Sold | E1: Customer_Name | F1: Region | G1: Base_Price | H1: Product Type | I1: Gross Revenue | J1: Order Tier
A2: TXN-101 | B2: C-901 | C2: PROD-9921-X | D2: 5 | E2: ACME RETAIL | F2: NORTH | G2: 150 | H2: =MID(C2,6,4) -> 9921 | I2: =D2*G2 -> 750 | J2: =IF(I2>=1000,"High-Value",IF(I2>=300,"Standard","Low-Value")) -> Standard
A3: TXN-103 | B3: C-902 | C3: PROD-9921-X | D3: 2 | E3: NEXUS LOGISTICS | F3: WEST | G3: 150 | H3: =MID(C3,6,4) -> 9921 | I3: =D3*G3 -> 300 | J3: =IF(I3>=1000,"High-Value",IF(I3>=300,"Standard","Low-Value")) -> Standard
A4: TXN-104 | B4: C-901 | C4: PROD-8815-S | D4: 8 | E4: ACME RETAIL | F4: NORTH | G4: 85 | H4: =MID(C4,6,4) -> 8815 | I4: =D4*G4 -> 680 | J4: =IF(I4>=1000,"High-Value",IF(I4>=300,"Standard","Low-Value")) -> Standard
A5: TXN-102 | B5: C-904 | C5: PROD-4012-M | D5: 12 | E5: BEACON TECH | F5: SOUTH | G5: 45 | H5: =MID(C5,6,4) -> 4012 | I5: =D5*G5 -> 540 | J5: =IF(I5>=1000,"High-Value",IF(I5>=300,"Standard","Low-Value")) -> Standard
A6: TXN-106 | B6: C-902 | C6: PROD-8815-S | D6: 15 | E6: NEXUS LOGISTICS | F6: WEST | G6: 85 | H6: =MID(C6,6,4) -> 8815 | I6: =D6*G6 -> 1275 | J6: =IF(I6>=1000,"High-Value",IF(I6>=300,"Standard","Low-Value")) -> High-Value
A7: TXN-105 | B7: C-903 | C7: PROD-4012-M | D7: 1 | E7: APEX SYSTEMS | F7: EAST | G7: 45 | H7: =MID(C7,6,4) -> 4012 | I7: =D7*G7 -> 45 | J7: =IF(I7>=1000,"High-Value",IF(I7>=300,"Standard","Low-Value")) -> Low-Value
A8: TXN-107 | B8: C-905 | C8: PROD-9921-X | D8: 4 | E8: HORIZON GROUP | F8: WEST | G8: 150 | H8: =MID(C8,6,4) -> 9921 | I8: =D8*G8 -> 600 | J8: =IF(I8>=1000,"High-Value",IF(I8>=300,"Standard","Low-Value")) -> Standard

Sheet Product_Catalog (2)
A1: Base_Price | B1: Product_Code
A2: 150 | B2: PROD-9921-X
A3: 45 | B3: PROD-4012-M
A4: 85 | B4: PROD-8815-S

Sheet Product_Catalog
A1: Base_Price | B1: Product_Code
A2: 150 | B2: PROD-9921-X
A3: 45 | B3: PROD-4012-M
A4: 85 | B4: PROD-8815-S

Sheet Sheet4
